1	会当凌绝顶，一览众山小	huì dāng líng jué dǐng ， yī lǎn zhòng shān xiǎo	杜甫《望岳》	山水田园
2	造化钟神秀，阴阳割昏晓	zào huà zhōng shén xiù ， yīn yáng gē hūn xiǎo	杜甫《望岳》	山水田园
3	两个黄鹂鸣翠柳，一行白鹭上青天	liǎng gè huáng lí míng cuì liǔ ， yī háng bái lù shàng qīng tiān	杜甫《绝句》	山水田园
4	窗含西岭千秋雪，门泊东吴万里船	chuāng hán xī lǐng qiān qiū xuě ， mén bó dōng wú wàn lǐ chuán	杜甫《绝句》	山水田园
5	好雨知时节，当春乃发生	hǎo yǔ zhī shí jié ， dāng chūn nǎi fā shēng	杜甫《春夜喜雨》	山水田园
6	随风潜入夜，润物细无声	suí fēng qián rù yè ， rùn wù xì wú shēng	杜甫《春夜喜雨》	山水田园
7	迟日江山丽，春风花草香	chí rì jiāng shān lì ， chūn fēng huā cǎo xiāng	杜甫《绝句二首》	山水田园
8	黄四娘家花满蹊，千朵万朵压枝低	huáng sì niáng jiā huā mǎn qī ， qiān duǒ wàn duǒ yā zhī dī	杜甫《江畔独步寻花》	山水田园
9	留连戏蝶时时舞，自在娇莺恰恰啼	liú lián xì dié shí shí wǔ ， zì zài jiāo yīng qià qià tí	杜甫《江畔独步寻花》	山水田园
10	明月松间照，清泉石上流	míng yuè sōng jiān zhào ， qīng quán shí shàng liú	王维《山居秋暝》	山水田园
11	空山新雨后，天气晚来秋	kōng shān xīn yǔ hòu ， tiān qì wǎn lái qiū	王维《山居秋暝》	山水田园
12	竹喧归浣女，莲动下渔舟	zhú xuān guī huàn nǚ ， lián dòng xià yú zhōu	王维《山居秋暝》	山水田园
13	人闲桂花落，夜静春山空	rén xián guì huā luò ， yè jìng chūn shān kōng	王维《鸟鸣涧》	山水田园
14	月出惊山鸟，时鸣春涧中	yuè chū jīng shān niǎo ， shí míng chūn jiàn zhōng	王维《鸟鸣涧》	山水田园
15	空山不见人，但闻人语响	kōng shān bù jiàn rén ， dàn wén rén yǔ xiǎng	王维《鹿柴》	山水田园
16	返景入深林，复照青苔上	fǎn yǐng rù shēn lín ， fù zhào qīng tái shàng	王维《鹿柴》	山水田园
17	独坐幽篁里，弹琴复长啸	dú zuò yōu huáng lǐ ， tán qín fù cháng xiào	王维《竹里馆》	山水田园
18	深林人不知，明月来相照	shēn lín rén bù zhī ， míng yuè lái xiāng zhào	王维《竹里馆》	山水田园
19	行到水穷处，坐看云起时	xíng dào shuǐ qióng chù ， zuò kàn yún qǐ shí	王维《终南别业》	山水田园
20	绿树村边合，青山郭外斜	lǜ shù cūn biān hé ， qīng shān guō wài xié	孟浩然《过故人庄》	山水田园
21	开轩面场圃，把酒话桑麻	kāi xuān miàn cháng pǔ ， bǎ jiǔ huà sāng má	孟浩然《过故人庄》	山水田园
22	春眠不觉晓，处处闻啼鸟	chūn mián bù jué xiǎo ， chù chù wén tí niǎo	孟浩然《春晓》	山水田园
23	夜来风雨声，花落知多少	yè lái fēng yǔ shēng ， huā luò zhī duō shǎo	孟浩然《春晓》	山水田园
24	野旷天低树，江清月近人	yě kuàng tiān dī shù ， jiāng qīng yuè jìn rén	孟浩然《宿建德江》	山水田园
25	气蒸云梦泽，波撼岳阳城	qì zhēng yún mèng zé ， bō hàn yuè yáng chéng	孟浩然《望洞庭湖赠张丞相》	山水田园
26	飞流直下三千尺，疑是银河落九天	fēi liú zhí xià sān qiān chǐ ， yí shì yín hé luò jiǔ tiān	李白《望庐山瀑布》	山水田园
27	日照香炉生紫烟，遥看瀑布挂前川	rì zhào xiāng lú shēng zǐ yān ， yáo kàn pù bù guà qián chuān	李白《望庐山瀑布》	山水田园
28	两岸青山相对出，孤帆一片日边来	liǎng àn qīng shān xiāng duì chū ， gū fān yī piàn rì biān lái	李白《望天门山》	山水田园
29	天门中断楚江开，碧水东流至此回	tiān mén zhōng duàn chǔ jiāng kāi ， bì shuǐ dōng liú zhì cǐ huí	李白《望天门山》	山水田园
30	山随平野尽，江入大荒流	shān suí píng yě jǐn ， jiāng rù dà huāng liú	李白《渡荆门送别》	山水田园
31	月下飞天镜，云生结海楼	yuè xià fēi tiān jìng ， yún shēng jié hǎi lóu	李白《渡荆门送别》	山水田园
32	众鸟高飞尽，孤云独去闲	zhòng niǎo gāo fēi jìn ， gū yún dú qù xián	李白《独坐敬亭山》	山水田园
33	相看两不厌，只有敬亭山	xiāng kàn liǎng bù yàn ， zhǐ yǒu jìng tíng shān	李白《独坐敬亭山》	山水田园
34	曲径通幽处，禅房花木深	qū jìng tōng yōu chù ， chán fáng huā mù shēn	常建《题破山寺后禅院》	山水田园
35	山光悦鸟性，潭影空人心	shān guāng yuè niǎo xìng ， tán yǐng kōng rén xīn	常建《题破山寺后禅院》	山水田园
36	春潮带雨晚来急，野渡无人舟自横	chūn cháo dài yǔ wǎn lái jí ， yě dù wú rén zhōu zì héng	韦应物《滁州西涧》	山水田园
37	独怜幽草涧边生，上有黄鹂深树鸣	dú lián yōu cǎo jiàn biān shēng ， shàng yǒu huáng lí shēn shù míng	韦应物《滁州西涧》	山水田园
38	遥望洞庭山水翠，白银盘里一青螺	yáo wàng dòng tíng shān shuǐ cuì ， bái yín pán lǐ yī qīng luó	刘禹锡《望洞庭》	山水田园
39	秦时明月汉时关，万里长征人未还	qín shí míng yuè hàn shí guān ， wàn lǐ cháng zhēng rén wèi huán	王昌龄《出塞》	边塞豪情
40	但使龙城飞将在，不教胡马度阴山	dàn shǐ lóng chéng fēi jiàng zài ， bù jiào hú mǎ dù yīn shān	王昌龄《出塞》	边塞豪情
41	黄沙百战穿金甲，不破楼兰终不还	huáng shā bǎi zhàn chuān jīn jiǎ ， bù pò lóu lán zhōng bù huán	王昌龄《从军行》	边塞豪情
42	青海长云暗雪山，孤城遥望玉门关	qīng hǎi cháng yún àn xuě shān ， gū chéng yáo wàng yù mén guān	王昌龄《从军行》	边塞豪情
43	大漠风尘日色昏，红旗半卷出辕门	dà mò fēng chén rì sè hūn ， hóng qí bàn juǎn chū yuán mén	王昌龄《从军行》	边塞豪情
44	前军夜战洮河北，已报生擒吐谷浑	qián jūn yè zhàn táo hé běi ， yǐ bào shēng qín tǔ yù hún	王昌龄《从军行》	边塞豪情
45	黄河远上白云间，一片孤城万仞山	huáng hé yuǎn shàng bái yún jiān ， yī piàn gū chéng wàn rèn shān	王之涣《凉州词》	边塞豪情
46	羌笛何须怨杨柳，春风不度玉门关	qiāng dí hé xū yuàn yáng liǔ ， chūn fēng bù dù yù mén guān	王之涣《凉州词》	边塞豪情
47	葡萄美酒夜光杯，欲饮琵琶马上催	pú táo měi jiǔ yè guāng bēi ， yù yǐn pí pá mǎ shàng cuī	王翰《凉州词》	边塞豪情
48	醉卧沙场君莫笑，古来征战几人回	zuì wò shā chǎng jūn mò xiào ， gǔ lái zhēng zhàn jǐ rén huí	王翰《凉州词》	边塞豪情
49	大漠孤烟直，长河落日圆	dà mò gū yān zhí ， cháng hé luò rì yuán	王维《使至塞上》	边塞豪情
50	单车欲问边，属国过居延	dān chē yù wèn biān ， shǔ guó guò jū yán	王维《使至塞上》	边塞豪情
51	忽如一夜春风来，千树万树梨花开	hū rú yī yè chūn fēng lái ， qiān shù wàn shù lí huā kāi	岑参《白雪歌送武判官归京》	边塞豪情
52	北风卷地白草折，胡天八月即飞雪	běi fēng juǎn dì bái cǎo zhé ， hú tiān bā yuè jí fēi xuě	岑参《白雪歌送武判官归京》	边塞豪情
53	瀚海阑干百丈冰，愁云惨淡万里凝	hàn hǎi lán gān bǎi zhàng bīng ， chóu yún cǎn dàn wàn lǐ níng	岑参《白雪歌送武判官归京》	边塞豪情
54	纷纷暮雪下辕门，风掣红旗冻不翻	fēn fēn mù xuě xià yuán mén ， fēng chè hóng qí dòng bù fān	岑参《白雪歌送武判官归京》	边塞豪情
55	山回路转不见君，雪上空留马行处	shān huí lù zhuǎn bù jiàn jūn ， xuě shàng kōng liú mǎ xíng chù	岑参《白雪歌送武判官归京》	边塞豪情
56	将军金甲夜不脱，半夜军行戈相拨	jiāng jūn jīn jiǎ yè bù tuō ， bàn yè jūn xíng gē xiāng bō	岑参《走马川行奉送出师西征》	边塞豪情
57	君不见走马川行雪海边，平沙莽莽黄入天	jūn bù jiàn zǒu mǎ chuān xíng xuě hǎi biān ， píng shā mǎng mǎng huáng rù tiān	岑参《走马川行奉送出师西征》	边塞豪情
58	马毛带雪汗气蒸，五花连钱旋作冰	mǎ máo dài xuě hàn qì zhēng ， wǔ huā lián qián xuán zuò bīng	岑参《走马川行奉送出师西征》	边塞豪情
59	战士军前半死生，美人帐下犹歌舞	zhàn shì jūn qián bàn sǐ shēng ， měi rén zhàng xià yóu gē wǔ	高适《燕歌行》	边塞豪情
60	君不见沙场征战苦，至今犹忆李将军	jūn bù jiàn shā chǎng zhēng zhàn kǔ ， zhì jīn yóu yì lǐ jiāng jūn	高适《燕歌行》	边塞豪情
61	相看白刃血纷纷，死节从来岂顾勋	xiāng kàn bái rèn xuè fēn fēn ， sǐ jié cóng lái qǐ gù xūn	高适《燕歌行》	边塞豪情
62	月黑雁飞高，单于夜遁逃	yuè hēi yàn fēi gāo ， chán yú yè dùn táo	卢纶《塞下曲》	边塞豪情
63	欲将轻骑逐，大雪满弓刀	yù jiāng qīng jì zhú ， dà xuě mǎn gōng dāo	卢纶《塞下曲》	边塞豪情
64	林暗草惊风，将军夜引弓	lín àn cǎo jīng fēng ， jiāng jūn yè yǐn gōng	卢纶《塞下曲》	边塞豪情
65	平明寻白羽，没在石棱中	píng míng xún bái yǔ ， mò zài shí léng zhōng	卢纶《塞下曲》	边塞豪情
66	更吹羌笛关山月，无那金闺万里愁	gèng chuī qiāng dí guān shān yuè ， wú nà jīn guī wàn lǐ chóu	王昌龄《从军行》	边塞豪情
67	撩乱边愁听不尽，高高秋月照长城	liáo luàn biān chóu tīng bù jìn ， gāo gāo qiū yuè zhào cháng chéng	王昌龄《从军行》	边塞豪情
68	黑云压城城欲摧，甲光向日金鳞开	hēi yún yā chéng chéng yù cuī ， jiǎ guāng xiàng rì jīn lín kāi	李贺《雁门太守行》	边塞豪情
69	角声满天秋色里，塞上燕脂凝夜紫	jiǎo shēng mǎn tiān qiū sè lǐ ， sài shàng yān zhī níng yè zǐ	李贺《雁门太守行》	边塞豪情
70	报君黄金台上意，提携玉龙为君死	bào jūn huáng jīn tái shàng yì ， tí xié yù lóng wèi jūn sǐ	李贺《雁门太守行》	边塞豪情
71	大漠沙如雪，燕山月似钩	dà mò shā rú xuě ， yān shān yuè sì gōu	李贺《马诗》	边塞豪情
72	何当金络脑，快走踏清秋	hé dāng jīn luò nǎo ， kuài zǒu tà qīng qiū	李贺《马诗》	边塞豪情
73	白日登山望烽火，黄昏饮马傍交河	bái rì dēng shān wàng fēng huǒ ， huáng hūn yìn mǎ bàng jiāo hé	李颀《古从军行》	边塞豪情
74	年年战骨埋荒外，空见蒲桃入汉家	nián nián zhàn gǔ mái huāng wài ， kōng jiàn pú táo rù hàn jiā	李颀《古从军行》	边塞豪情
75	十年磨一剑，霜刃未曾试	shí nián mó yī jiàn ， shuāng rèn wèi céng shì	贾岛《剑客》	边塞豪情
76	今日把示君，谁有不平事	jīn rì bǎ shì jūn ， shuí yǒu bù píng shì	贾岛《剑客》	边塞豪情
77	海内存知己，天涯若比邻	hǎi nèi cún zhī jǐ ， tiān yá ruò bǐ lín	王勃《送杜少府之任蜀州》	送别赠友
78	与君离别意，同是宦游人	yǔ jūn lí bié yì ， tóng shì huàn yóu rén	王勃《送杜少府之任蜀州》	送别赠友
79	无为在歧路，儿女共沾巾	wú wéi zài qí lù ， ér nǚ gòng zhān jīn	王勃《送杜少府之任蜀州》	送别赠友
80	故人西辞黄鹤楼，烟花三月下扬州	gù rén xī cí huáng hè lóu ， yān huā sān yuè xià yáng zhōu	李白《黄鹤楼送孟浩然之广陵》	送别赠友
81	孤帆远影碧空尽，唯见长江天际流	gū fān yuǎn yǐng bì kōng jìn ， wéi jiàn cháng jiāng tiān jì liú	李白《黄鹤楼送孟浩然之广陵》	送别赠友
82	李白乘舟将欲行，忽闻岸上踏歌声	lǐ bái chéng zhōu jiāng yù xíng ， hū wén àn shàng tà gē shēng	李白《赠汪伦》	送别赠友
83	桃花潭水深千尺，不及汪伦送我情	táo huā tán shuǐ shēn qiān chǐ ， bù jí wāng lún sòng wǒ qíng	李白《赠汪伦》	送别赠友
84	杨花落尽子规啼，闻道龙标过五溪	yáng huā luò jìn zǐ guī tí ， wén dào lóng biāo guò wǔ xī	李白《闻王昌龄左迁龙标遥有此寄》	送别赠友
85	我寄愁心与明月，随君直到夜郎西	wǒ jì chóu xīn yǔ míng yuè ， suí jūn zhí dào yè láng xī	李白《闻王昌龄左迁龙标遥有此寄》	送别赠友
86	青山横北郭，白水绕东城	qīng shān héng běi guō ， bái shuǐ rào dōng chéng	李白《送友人》	送别赠友
87	此地一为别，孤蓬万里征	cǐ dì yī wéi bié ， gū péng wàn lǐ zhēng	李白《送友人》	送别赠友
88	浮云游子意，落日故人情	fú yún yóu zǐ yì ， luò rì gù rén qíng	李白《送友人》	送别赠友
89	挥手自兹去，萧萧班马鸣	huī shǒu zì zī qù ， xiāo xiāo bān mǎ míng	李白《送友人》	送别赠友
90	劝君更尽一杯酒，西出阳关无故人	quàn jūn gèng jìn yī bēi jiǔ ， xī chū yáng guān wú gù rén	王维《送元二使安西》	送别赠友
91	渭城朝雨浥轻尘，客舍青青柳色新	wèi chéng zhāo yǔ yì qīng chén ， kè shè qīng qīng liǔ sè xīn	王维《送元二使安西》	送别赠友
92	莫愁前路无知己，天下谁人不识君	mò chóu qián lù wú zhī jǐ ， tiān xià shuí rén bù shí jūn	高适《别董大》	送别赠友
93	千里黄云白日曛，北风吹雁雪纷纷	qiān lǐ huáng yún bái rì xūn ， běi fēng chuī yàn xuě fēn fēn	高适《别董大》	送别赠友
94	寒雨连江夜入吴，平明送客楚山孤	hán yǔ lián jiāng yè rù wú ， píng míng sòng kè chǔ shān gū	王昌龄《芙蓉楼送辛渐》	送别赠友
95	洛阳亲友如相问，一片冰心在玉壶	luò yáng qīn yǒu rú xiāng wèn ， yī piàn bīng xīn zài yù hú	王昌龄《芙蓉楼送辛渐》	送别赠友
96	轮台东门送君去，去时雪满天山路	lún tái dōng mén sòng jūn qù ， qù shí xuě mǎn tiān shān lù	岑参《白雪歌送武判官归京》	送别赠友
97	离离原上草，一岁一枯荣	lí lí yuán shàng cǎo ， yī suì yī kū róng	白居易《赋得古原草送别》	送别赠友
98	野火烧不尽，春风吹又生	yě huǒ shāo bù jìn ， chūn fēng chuī yòu shēng	白居易《赋得古原草送别》	送别赠友
99	又送王孙去，萋萋满别情	yòu sòng wáng sūn qù ， qī qī mǎn bié qíng	白居易《赋得古原草送别》	送别赠友
100	日暮酒醒人已远，满天风雨下西楼	rì mù jiǔ xǐng rén yǐ yuǎn ， mǎn tiān fēng yǔ xià xī lóu	许浑《谢亭送别》	送别赠友
101	劳歌一曲解行舟，红叶青山水急流	láo gē yī qǔ jiě xíng zhōu ， hóng yè qīng shān shuǐ jí liú	许浑《谢亭送别》	送别赠友
102	请君试问东流水，别意与之谁短长	qǐng jūn shì wèn dōng liú shuǐ ， bié yì yǔ zhī shuí duǎn cháng	李白《金陵酒肆留别》	送别赠友
103	风吹柳花满店香，吴姬压酒唤客尝	fēng chuī liǔ huā mǎn diàn xiāng ， wú jī yā jiǔ huàn kè cháng	李白《金陵酒肆留别》	送别赠友
104	天下伤心处，劳劳送客亭	tiān xià shāng xīn chù ， láo láo sòng kè tíng	李白《劳劳亭》	送别赠友
105	春风知别苦，不遣柳条青	chūn fēng zhī bié kǔ ， bù qiǎn liǔ tiáo qīng	李白《劳劳亭》	送别赠友
106	昔时人已没，今日水犹寒	xī shí rén yǐ mò ， jīn rì shuǐ yóu hán	骆宾王《于易水送人》	送别赠友
107	此地别燕丹，壮士发冲冠	cǐ dì bié yān dān ， zhuàng shì fà chōng guān	骆宾王《于易水送人》	送别赠友
108	故人江海别，几度隔山川	gù rén jiāng hǎi bié ， jǐ dù gé shān chuān	司空曙《云阳馆与韩绅宿别》	送别赠友
109	乍见翻疑梦，相悲各问年	zhà jiàn fān yí mèng ， xiāng bēi gè wèn nián	司空曙《云阳馆与韩绅宿别》	送别赠友
110	明日隔山岳，世事两茫茫	míng rì gé shān yuè ， shì shì liǎng máng máng	杜甫《赠卫八处士》	送别赠友
111	人生不相见，动如参与商	rén shēng bù xiāng jiàn ， dòng rú shēn yǔ shāng	杜甫《赠卫八处士》	送别赠友
112	今夕复何夕，共此灯烛光	jīn xī fù hé xī ， gòng cǐ dēng zhú guāng	杜甫《赠卫八处士》	送别赠友
113	故人入我梦，明我长相忆	gù rén rù wǒ mèng ， míng wǒ cháng xiāng yì	杜甫《梦李白二首》	送别赠友
114	床前明月光，疑是地上霜	chuáng qián míng yuè guāng ， yí shì dì shàng shuāng	李白《静夜思》	思乡怀人
115	举头望明月，低头思故乡	jǔ tóu wàng míng yuè ， dī tóu sī gù xiāng	李白《静夜思》	思乡怀人
116	独在异乡为异客，每逢佳节倍思亲	dú zài yì xiāng wéi yì kè ， měi féng jiā jié bèi sī qīn	王维《九月九日忆山东兄弟》	思乡怀人
117	遥知兄弟登高处，遍插茱萸少一人	yáo zhī xiōng dì dēng gāo chù ， biàn chā zhū yú shǎo yī rén	王维《九月九日忆山东兄弟》	思乡怀人
118	露从今夜白，月是故乡明	lù cóng jīn yè bái ， yuè shì gù xiāng míng	杜甫《月夜忆舍弟》	思乡怀人
119	戍鼓断人行，边秋一雁声	shù gǔ duàn rén xíng ， biān qiū yī yàn shēng	杜甫《月夜忆舍弟》	思乡怀人
120	海上生明月，天涯共此时	hǎi shàng shēng míng yuè ， tiān yá gòng cǐ shí	张九龄《望月怀远》	思乡怀人
121	情人怨遥夜，竟夕起相思	qíng rén yuàn yáo yè ， jìng xī qǐ xiāng sī	张九龄《望月怀远》	思乡怀人
122	不堪盈手赠，还寝梦佳期	bù kān yíng shǒu zèng ， huán qǐn mèng jiā qī	张九龄《望月怀远》	思乡怀人
123	烽火连三月，家书抵万金	fēng huǒ lián sān yuè ， jiā shū dǐ wàn jīn	杜甫《春望》	思乡怀人
124	感时花溅泪，恨别鸟惊心	gǎn shí huā jiàn lèi ， hèn bié niǎo jīng xīn	杜甫《春望》	思乡怀人
125	少小离家老大回，乡音无改鬓毛衰	shào xiǎo lí jiā lǎo dà huí ， xiāng yīn wú gǎi bìn máo cuī	贺知章《回乡偶书》	思乡怀人
126	儿童相见不相识，笑问客从何处来	ér tóng xiāng jiàn bù xiāng shí ， xiào wèn kè cóng hé chù lái	贺知章《回乡偶书》	思乡怀人
127	君自故乡来，应知故乡事	jūn zì gù xiāng lái ， yīng zhī gù xiāng shì	王维《杂诗》	思乡怀人
128	来日绮窗前，寒梅著花未	lái rì qǐ chuāng qián ， hán méi zhuó huā wèi	王维《杂诗》	思乡怀人
129	洛阳城里见秋风，欲作家书意万重	luò yáng chéng lǐ jiàn qiū fēng ， yù zuò jiā shū yì wàn chóng	张籍《秋思》	思乡怀人
130	复恐匆匆说不尽，行人临发又开封	fù kǒng cōng cōng shuō bù jìn ， xíng rén lín fā yòu kāi fēng	张籍《秋思》	思乡怀人
131	故园东望路漫漫，双袖龙钟泪不干	gù yuán dōng wàng lù màn màn ， shuāng xiù lóng zhōng lèi bù gān	岑参《逢入京使》	思乡怀人
132	马上相逢无纸笔，凭君传语报平安	mǎ shàng xiāng féng wú zhǐ bǐ ， píng jūn chuán yǔ bào píng ān	岑参《逢入京使》	思乡怀人
133	日暮乡关何处是，烟波江上使人愁	rì mù xiāng guān hé chù shì ， yān bō jiāng shàng shǐ rén chóu	崔颢《黄鹤楼》	思乡怀人
134	昔人已乘黄鹤去，此地空余黄鹤楼	xī rén yǐ chéng huáng hè qù ， cǐ dì kōng yú huáng hè lóu	崔颢《黄鹤楼》	思乡怀人
135	黄鹤一去不复返，白云千载空悠悠	huáng hè yī qù bù fù fǎn ， bái yún qiān zǎi kōng yōu yōu	崔颢《黄鹤楼》	思乡怀人
136	晴川历历汉阳树，芳草萋萋鹦鹉洲	qíng chuān lì lì hàn yáng shù ， fāng cǎo qī qī yīng wǔ zhōu	崔颢《黄鹤楼》	思乡怀人
137	谁言寸草心，报得三春晖	shuí yán cùn cǎo xīn ， bào dé sān chūn huī	孟郊《游子吟》	思乡怀人
138	慈母手中线，游子身上衣	cí mǔ shǒu zhōng xiàn ， yóu zǐ shēn shàng yī	孟郊《游子吟》	思乡怀人
139	临行密密缝，意恐迟迟归	lín xíng mì mì féng ， yì kǒng chí chí guī	孟郊《游子吟》	思乡怀人
140	今夜月明人尽望，不知秋思落谁家	jīn yè yuè míng rén jìn wàng ， bù zhī qiū sī luò shuí jiā	王建《十五夜望月》	思乡怀人
141	中庭地白树栖鸦，冷露无声湿桂花	zhōng tíng dì bái shù qī yā ， lěng lù wú shēng shī guì huā	王建《十五夜望月》	思乡怀人
142	近乡情更怯，不敢问来人	jìn xiāng qíng gèng qiè ， bù gǎn wèn lái rén	宋之问《渡汉江》	思乡怀人
143	岭外音书断，经冬复历春	lǐng wài yīn shū duàn ， jīng dōng fù lì chūn	宋之问《渡汉江》	思乡怀人
144	春风不相识，何事入罗帏	chūn fēng bù xiāng shí ， hé shì rù luó wéi	李白《春思》	思乡怀人
145	燕草如碧丝，秦桑低绿枝	yān cǎo rú bì sī ， qín sāng dī lǜ zhī	李白《春思》	思乡怀人
146	当君怀归日，是妾断肠时	dāng jūn huái guī rì ， shì qiè duàn cháng shí	李白《春思》	思乡怀人
147	思君如满月，夜夜减清辉	sī jūn rú mǎn yuè ， yè yè jiǎn qīng huī	张九龄《赋得自君之出矣》	思乡怀人
148	自君之出矣，不复理残机	zì jūn zhī chū yǐ ， bù fù lǐ cán jī	张九龄《赋得自君之出矣》	思乡怀人
149	长安一片月，万户捣衣声	cháng ān yī piàn yuè ， wàn hù dǎo yī shēng	李白《子夜吴歌》	思乡怀人
150	秋风吹不尽，总是玉关情	qiū fēng chuī bù jìn ， zǒng shì yù guān qíng	李白《子夜吴歌》	思乡怀人
151	前不见古人，后不见来者	qián bù jiàn gǔ rén ， hòu bù jiàn lái zhě	陈子昂《登幽州台歌》	咏史怀古
152	念天地之悠悠，独怆然而涕下	niàn tiān dì zhī yōu yōu ， dú chuàng rán ér tì xià	陈子昂《登幽州台歌》	咏史怀古
153	旧时王谢堂前燕，飞入寻常百姓家	jiù shí wáng xiè táng qián yàn ， fēi rù xún cháng bǎi xìng jiā	刘禹锡《乌衣巷》	咏史怀古
154	朱雀桥边野草花，乌衣巷口夕阳斜	zhū què qiáo biān yě cǎo huā ， wū yī xiàng kǒu xī yáng xié	刘禹锡《乌衣巷》	咏史怀古
155	山围故国周遭在，潮打空城寂寞回	shān wéi gù guó zhōu zāo zài ， cháo dǎ kōng chéng jì mò huí	刘禹锡《石头城》	咏史怀古
156	淮水东边旧时月，夜深还过女墙来	huái shuǐ dōng biān jiù shí yuè ， yè shēn hái guò nǚ qiáng lái	刘禹锡《石头城》	咏史怀古
157	人世几回伤往事，山形依旧枕寒流	rén shì jǐ huí shāng wǎng shì ， shān xíng yī jiù zhěn hán liú	刘禹锡《西塞山怀古》	咏史怀古
158	千寻铁锁沉江底，一片降幡出石头	qiān xún tiě suǒ chén jiāng dǐ ， yī piàn xiáng fān chū shí tou	刘禹锡《西塞山怀古》	咏史怀古
159	折戟沉沙铁未销，自将磨洗认前朝	zhé jǐ chén shā tiě wèi xiāo ， zì jiāng mó xǐ rèn qián cháo	杜牧《赤壁》	咏史怀古
160	东风不与周郎便，铜雀春深锁二乔	dōng fēng bù yǔ zhōu láng biàn ， tóng què chūn shēn suǒ èr qiáo	杜牧《赤壁》	咏史怀古
161	商女不知亡国恨，隔江犹唱后庭花	shāng nǚ bù zhī wáng guó hèn ， gé jiāng yóu chàng hòu tíng huā	杜牧《泊秦淮》	咏史怀古
162	烟笼寒水月笼沙，夜泊秦淮近酒家	yān lǒng hán shuǐ yuè lǒng shā ， yè bó qín huái jìn jiǔ jiā	杜牧《泊秦淮》	咏史怀古
163	一骑红尘妃子笑，无人知是荔枝来	yī jì hóng chén fēi zǐ xiào ， wú rén zhī shì lì zhī lái	杜牧《过华清宫绝句》	咏史怀古
164	长安回望绣成堆，山顶千门次第开	cháng ān huí wàng xiù chéng duī ， shān dǐng qiān mén cì dì kāi	杜牧《过华清宫绝句》	咏史怀古
165	南朝四百八十寺，多少楼台烟雨中	nán cháo sì bǎi bā shí sì ， duō shǎo lóu tái yān yǔ zhōng	杜牧《江南春》	咏史怀古
166	千里莺啼绿映红，水村山郭酒旗风	qiān lǐ yīng tí lǜ yìng hóng ， shuǐ cūn shān guō jiǔ qí fēng	杜牧《江南春》	咏史怀古
167	江东子弟多才俊，卷土重来未可知	jiāng dōng zǐ dì duō cái jùn ， juǎn tǔ chóng lái wèi kě zhī	杜牧《题乌江亭》	咏史怀古
168	胜败兵家事不期，包羞忍耻是男儿	shèng bài bīng jiā shì bù qī ， bāo xiū rěn chǐ shì nán ér	杜牧《题乌江亭》	咏史怀古
169	三顾频烦天下计，两朝开济老臣心	sān gù pín fán tiān xià jì ， liǎng cháo kāi jì lǎo chén xīn	杜甫《蜀相》	咏史怀古
170	出师未捷身先死，长使英雄泪满襟	chū shī wèi jié shēn xiān sǐ ， cháng shǐ yīng xióng lèi mǎn jīn	杜甫《蜀相》	咏史怀古
171	丞相祠堂何处寻，锦官城外柏森森	chéng xiàng cí táng hé chù xún ， jǐn guān chéng wài bǎi sēn sēn	杜甫《蜀相》	咏史怀古
172	映阶碧草自春色，隔叶黄鹂空好音	yìng jiē bì cǎo zì chūn sè ， gé yè huáng lí kōng hǎo yīn	杜甫《蜀相》	咏史怀古
173	国破山河在，城春草木深	guó pò shān hé zài ， chéng chūn cǎo mù shēn	杜甫《春望》	咏史怀古
174	无边落木萧萧下，不尽长江滚滚来	wú biān luò mù xiāo xiāo xià ， bù jìn cháng jiāng gǔn gǔn lái	杜甫《登高》	咏史怀古
175	万里悲秋常作客，百年多病独登台	wàn lǐ bēi qiū cháng zuò kè ， bǎi nián duō bìng dú dēng tái	杜甫《登高》	咏史怀古
176	吴宫花草埋幽径，晋代衣冠成古丘	wú gōng huā cǎo mái yōu jìng ， jìn dài yī guān chéng gǔ qiū	李白《登金陵凤凰台》	咏史怀古
177	总为浮云能蔽日，长安不见使人愁	zǒng wèi fú yún néng bì rì ， cháng ān bù jiàn shǐ rén chóu	李白《登金陵凤凰台》	咏史怀古
178	凤凰台上凤凰游，凤去台空江自流	fèng huáng tái shàng fèng huáng yóu ， fèng qù tái kōng jiāng zì liú	李白《登金陵凤凰台》	咏史怀古
179	英雄一去豪华尽，惟有青山似洛中	yīng xióng yī qù háo huá jìn ， wéi yǒu qīng shān sì luò zhōng	许浑《金陵怀古》	咏史怀古
180	玉树歌残王气终，景阳兵合戍楼空	yù shù gē cán wáng qì zhōng ， jǐng yáng bīng hé shù lóu kōng	许浑《金陵怀古》	咏史怀古
181	凭君莫话封侯事，一将功成万骨枯	píng jūn mò huà fēng hóu shì ， yī jiàng gōng chéng wàn gǔ kū	曹松《己亥岁》	咏史怀古
182	泽国江山入战图，生民何计乐樵苏	zé guó jiāng shān rù zhàn tú ， shēng mín hé jì lè qiáo sū	曹松《己亥岁》	咏史怀古
183	可怜无定河边骨，犹是春闺梦里人	kě lián wú dìng hé biān gǔ ， yóu shì chūn guī mèng lǐ rén	陈陶《陇西行》	咏史怀古
184	誓扫匈奴不顾身，五千貂锦丧胡尘	shì sǎo xiōng nú bù gù shēn ， wǔ qiān diāo jǐn sàng hú chén	陈陶《陇西行》	咏史怀古
185	功盖三分国，名成八阵图	gōng gài sān fēn guó ， míng chéng bā zhèn tú	杜甫《八阵图》	咏史怀古
186	江流石不转，遗恨失吞吴	jiāng liú shí bù zhuǎn ， yí hèn shī tūn wú	杜甫《八阵图》	咏史怀古
187	今人不见古时月，今月曾经照古人	jīn rén bù jiàn gǔ shí yuè ， jīn yuè céng jīng zhào gǔ rén	李白《把酒问月》	咏史怀古
188	春蚕到死丝方尽，蜡炬成灰泪始干	chūn cán dào sǐ sī fāng jìn ， là jù chéng huī lèi shǐ gān	李商隐《无题》	情爱相思
189	相见时难别亦难，东风无力百花残	xiāng jiàn shí nán bié yì nán ， dōng fēng wú lì bǎi huā cán	李商隐《无题》	情爱相思
190	蓬山此去无多路，青鸟殷勤为探看	péng shān cǐ qù wú duō lù ， qīng niǎo yīn qín wèi tàn kān	李商隐《无题》	情爱相思
191	晓镜但愁云鬓改，夜吟应觉月光寒	xiǎo jìng dàn chóu yún bìn gǎi ， yè yín yīng jué yuè guāng hán	李商隐《无题》	情爱相思
192	身无彩凤双飞翼，心有灵犀一点通	shēn wú cǎi fèng shuāng fēi yì ， xīn yǒu líng xī yī diǎn tōng	李商隐《无题》	情爱相思
193	昨夜星辰昨夜风，画楼西畔桂堂东	zuó yè xīng chén zuó yè fēng ， huà lóu xī pàn guì táng dōng	李商隐《无题》	情爱相思
194	此情可待成追忆，只是当时已惘然	cǐ qíng kě dài chéng zhuī yì ， zhǐ shì dāng shí yǐ wǎng rán	李商隐《锦瑟》	情爱相思
195	锦瑟无端五十弦，一弦一柱思华年	jǐn sè wú duān wǔ shí xián ， yī xián yī zhù sī huá nián	李商隐《锦瑟》	情爱相思
196	庄生晓梦迷蝴蝶，望帝春心托杜鹃	zhuāng shēng xiǎo mèng mí hú dié ， wàng dì chūn xīn tuō dù juān	李商隐《锦瑟》	情爱相思
197	春心莫共花争发，一寸相思一寸灰	chūn xīn mò gòng huā zhēng fā ， yī cùn xiāng sī yī cùn huī	李商隐《无题》	情爱相思
198	直道相思了无益，未妨惆怅是清狂	zhí dào xiāng sī liǎo wú yì ， wèi fáng chóu chàng shì qīng kuáng	李商隐《无题》	情爱相思
199	何当共剪西窗烛，却话巴山夜雨时	hé dāng gòng jiǎn xī chuāng zhú ， què huà bā shān yè yǔ shí	李商隐《夜雨寄北》	情爱相思
200	君问归期未有期，巴山夜雨涨秋池	jūn wèn guī qī wèi yǒu qī ， bā shān yè yǔ zhǎng qiū chí	李商隐《夜雨寄北》	情爱相思
201	曾经沧海难为水，除却巫山不是云	céng jīng cāng hǎi nán wéi shuǐ ， chú què wū shān bù shì yún	元稹《离思》	情爱相思
202	取次花丛懒回顾，半缘修道半缘君	qǔ cì huā cóng lǎn huí gù ， bàn yuán xiū dào bàn yuán jūn	元稹《离思》	情爱相思
203	红豆生南国，春来发几枝	hóng dòu shēng nán guó ， chūn lái fā jǐ zhī	王维《相思》	情爱相思
204	愿君多采撷，此物最相思	yuàn jūn duō cǎi xié ， cǐ wù zuì xiāng sī	王维《相思》	情爱相思
205	去年今日此门中，人面桃花相映红	qù nián jīn rì cǐ mén zhōng ， rén miàn táo huā xiāng yìng hóng	崔护《题都城南庄》	情爱相思
206	人面不知何处去，桃花依旧笑春风	rén miàn bù zhī hé chù qù ， táo huā yī jiù xiào chūn fēng	崔护《题都城南庄》	情爱相思
207	在天愿作比翼鸟，在地愿为连理枝	zài tiān yuàn zuò bǐ yì niǎo ， zài dì yuàn wéi lián lǐ zhī	白居易《长恨歌》	情爱相思
208	天长地久有时尽，此恨绵绵无绝期	tiān cháng dì jiǔ yǒu shí jìn ， cǐ hèn mián mián wú jué qī	白居易《长恨歌》	情爱相思
209	回眸一笑百媚生，六宫粉黛无颜色	huí móu yī xiào bǎi mèi shēng ， liù gōng fěn dài wú yán sè	白居易《长恨歌》	情爱相思
210	玉容寂寞泪阑干，梨花一枝春带雨	yù róng jì mò lèi lán gān ， lí huā yī zhī chūn dài yǔ	白居易《长恨歌》	情爱相思
211	千呼万唤始出来，犹抱琵琶半遮面	qiān hū wàn huàn shǐ chū lái ， yóu bào pí pá bàn zhē miàn	白居易《琵琶行》	情爱相思
212	妆罢低声问夫婿，画眉深浅入时无	zhuāng bà dī shēng wèn fū xù ， huà méi shēn qiǎn rù shí wú	朱庆馀《近试上张水部》	情爱相思
213	洞房昨夜停红烛，待晓堂前拜舅姑	dòng fáng zuó yè tíng hóng zhú ， dài xiǎo táng qián bài jiù gū	朱庆馀《近试上张水部》	情爱相思
214	君家何处住，妾住在横塘	jūn jiā hé chù zhù ， qiè zhù zài héng táng	崔颢《长干行》	情爱相思
215	停船暂借问，或恐是同乡	tíng chuán zàn jiè wèn ， huò kǒng shì tóng xiāng	崔颢《长干行》	情爱相思
216	郎骑竹马来，绕床弄青梅	láng qí zhú mǎ lái ， rào chuáng nòng qīng méi	李白《长干行》	情爱相思
217	同居长干里，两小无嫌猜	tóng jū cháng gān lǐ ， liǎng xiǎo wú xián cāi	李白《长干行》	情爱相思
218	妾发初覆额，折花门前剧	qiè fà chū fù é ， zhé huā mén qián jù	李白《长干行》	情爱相思
219	十五始展眉，愿同尘与灰	shí wǔ shǐ zhǎn méi ， yuàn tóng chén yǔ huī	李白《长干行》	情爱相思
220	得成比目何辞死，愿作鸳鸯不羡仙	dé chéng bǐ mù hé cí sǐ ， yuàn zuò yuān yāng bù xiàn xiān	卢照邻《长安古意》	情爱相思
221	寂寂花时闭院门，美人相并立琼轩	jì jì huā shí bì yuàn mén ， měi rén xiāng bìng lì qióng xuān	朱庆馀《宫词》	情爱相思
222	含情欲说宫中事，鹦鹉前头不敢言	hán qíng yù shuō gōng zhōng shì ， yīng wǔ qián tou bù gǎn yán	朱庆馀《宫词》	情爱相思
223	多情只有春庭月，犹为离人照落花	duō qíng zhǐ yǒu chūn tíng yuè ， yóu wèi lí rén zhào luò huā	张泌《寄人》	情爱相思
224	别梦依依到谢家，小廊回合曲阑斜	bié mèng yī yī dào xiè jiā ， xiǎo láng huí hé qū lán xié	张泌《寄人》	情爱相思
225	欲穷千里目，更上一层楼	yù qióng qiān lǐ mù ， gèng shàng yī céng lóu	王之涣《登鹳雀楼》	人生哲理
226	白日依山尽，黄河入海流	bái rì yī shān jìn ， huáng hé rù hǎi liú	王之涣《登鹳雀楼》	人生哲理
227	长风破浪会有时，直挂云帆济沧海	cháng fēng pò làng huì yǒu shí ， zhí guà yún fān jì cāng hǎi	李白《行路难》	人生哲理
228	金樽清酒斗十千，玉盘珍羞直万钱	jīn zūn qīng jiǔ dǒu shí qiān ， yù pán zhēn xiū zhí wàn qián	李白《行路难》	人生哲理
229	停杯投箸不能食，拔剑四顾心茫然	tíng bēi tóu zhù bù néng shí ， bá jiàn sì gù xīn máng rán	李白《行路难》	人生哲理
230	欲渡黄河冰塞川，将登太行雪满山	yù dù huáng hé bīng sè chuān ， jiāng dēng tài háng xuě mǎn shān	李白《行路难》	人生哲理
231	天生我材必有用，千金散尽还复来	tiān shēng wǒ cái bì yǒu yòng ， qiān jīn sàn jìn hái fù lái	李白《将进酒》	人生哲理
232	君不见黄河之水天上来，奔流到海不复回	jūn bù jiàn huáng hé zhī shuǐ tiān shàng lái ， bēn liú dào hǎi bù fù huí	李白《将进酒》	人生哲理
233	君不见高堂明镜悲白发，朝如青丝暮成雪	jūn bù jiàn gāo táng míng jìng bēi bái fà ， zhāo rú qīng sī mù chéng xuě	李白《将进酒》	人生哲理
234	人生得意须尽欢，莫使金樽空对月	rén shēng dé yì xū jìn huān ， mò shǐ jīn zūn kōng duì yuè	李白《将进酒》	人生哲理
235	仰天大笑出门去，我辈岂是蓬蒿人	yǎng tiān dà xiào chū mén qù ， wǒ bèi qǐ shì péng hāo rén	李白《南陵别儿童入京》	人生哲理
236	安能摧眉折腰事权贵，使我不得开心颜	ān néng cuī méi zhé yāo shì quán guì ， shǐ wǒ bù dé kāi xīn yán	李白《梦游天姥吟留别》	人生哲理
237	射人先射马，擒贼先擒王	shè rén xiān shè mǎ ， qín zéi xiān qín wáng	杜甫《前出塞》	人生哲理
238	挽弓当挽强，用箭当用长	wǎn gōng dāng wǎn qiáng ， yòng jiàn dāng yòng cháng	杜甫《前出塞》	人生哲理
239	安得广厦千万间，大庇天下寒士俱欢颜	ān dé guǎng shà qiān wàn jiān ， dà bì tiān xià hán shì jù huān yán	杜甫《茅屋为秋风所破歌》	人生哲理
240	八月秋高风怒号，卷我屋上三重茅	bā yuè qiū gāo fēng nù háo ， juǎn wǒ wū shàng sān chóng máo	杜甫《茅屋为秋风所破歌》	人生哲理
241	沉舟侧畔千帆过，病树前头万木春	chén zhōu cè pàn qiān fān guò ， bìng shù qián tou wàn mù chūn	刘禹锡《酬乐天扬州初逢席上见赠》	人生哲理
242	今日听君歌一曲，暂凭杯酒长精神	jīn rì tīng jūn gē yī qǔ ， zàn píng bēi jiǔ zhǎng jīng shén	刘禹锡《酬乐天扬州初逢席上见赠》	人生哲理
243	莫道桑榆晚，为霞尚满天	mò dào sāng yú wǎn ， wéi xiá shàng mǎn tiān	刘禹锡《酬乐天咏老见示》	人生哲理
244	晴空一鹤排云上，便引诗情到碧霄	qíng kōng yī hè pái yún shàng ， biàn yǐn shī qíng dào bì xiāo	刘禹锡《秋词》	人生哲理
245	自古逢秋悲寂寥，我言秋日胜春朝	zì gǔ féng qiū bēi jì liáo ， wǒ yán qiū rì shèng chūn zhāo	刘禹锡《秋词》	人生哲理
246	千淘万漉虽辛苦，吹尽狂沙始到金	qiān táo wàn lù suī xīn kǔ ， chuī jìn kuáng shā shǐ dào jīn	刘禹锡《浪淘沙》	人生哲理
247	时人不识凌云木，直待凌云始道高	shí rén bù shí líng yún mù ， zhí dài líng yún shǐ dào gāo	杜荀鹤《小松》	人生哲理
248	自小刺头深草里，而今渐觉出蓬蒿	zì xiǎo cì tóu shēn cǎo lǐ ， ér jīn jiàn jué chū péng hāo	杜荀鹤《小松》	人生哲理
249	读书破万卷，下笔如有神	dú shū pò wàn juàn ， xià bǐ rú yǒu shén	杜甫《奉赠韦左丞丈二十二韵》	人生哲理
250	文章千古事，得失寸心知	wén zhāng qiān gǔ shì ， dé shī cùn xīn zhī	杜甫《偶题》	人生哲理
251	尔曹身与名俱灭，不废江河万古流	ěr cáo shēn yǔ míng jù miè ， bù fèi jiāng hé wàn gǔ liú	杜甫《戏为六绝句》	人生哲理
252	王杨卢骆当时体，轻薄为文哂未休	wáng yáng lú luò dāng shí tǐ ， qīng bó wéi wén shěn wèi xiū	杜甫《戏为六绝句》	人生哲理
253	黑发不知勤学早，白首方悔读书迟	hēi fà bù zhī qín xué zǎo ， bái shǒu fāng huǐ dú shū chí	颜真卿《劝学》	人生哲理
254	三更灯火五更鸡，正是男儿读书时	sān gēng dēng huǒ wǔ gēng jī ， zhèng shì nán ér dú shū shí	颜真卿《劝学》	人生哲理
255	花开堪折直须折，莫待无花空折枝	huā kāi kān zhé zhí xū zhé ， mò dài wú huā kōng zhé zhī	杜秋娘《金缕衣》	人生哲理
256	劝君莫惜金缕衣，劝君惜取少年时	quàn jūn mò xī jīn lǚ yī ， quàn jūn xī qǔ shào nián shí	杜秋娘《金缕衣》	人生哲理
257	夕阳无限好，只是近黄昏	xī yáng wú xiàn hǎo ， zhǐ shì jìn huáng hūn	李商隐《登乐游原》	人生哲理
258	向晚意不适，驱车登古原	xiàng wǎn yì bù shì ， qū chē dēng gǔ yuán	李商隐《登乐游原》	人生哲理
259	居高声自远，非是藉秋风	jū gāo shēng zì yuǎn ， fēi shì jiè qiū fēng	虞世南《蝉》	人生哲理
260	垂緌饮清露，流响出疏桐	chuí ruí yǐn qīng lù ， liú xiǎng chū shū tóng	虞世南《蝉》	人生哲理
261	疾风知劲草，板荡识诚臣	jí fēng zhī jìng cǎo ， bǎn dàng shí chéng chén	李世民《赐萧瑀》	人生哲理
262	大鹏一日同风起，扶摇直上九万里	dà péng yī rì tóng fēng qǐ ， fú yáo zhí shàng jiǔ wàn lǐ	李白《上李邕》	人生哲理
263	碧玉妆成一树高，万条垂下绿丝绦	bì yù zhuāng chéng yī shù gāo ， wàn tiáo chuí xià lǜ sī tāo	贺知章《咏柳》	四季时令
264	不知细叶谁裁出，二月春风似剪刀	bù zhī xì yè shuí cái chū ， èr yuè chūn fēng sì jiǎn dāo	贺知章《咏柳》	四季时令
265	天街小雨润如酥，草色遥看近却无	tiān jiē xiǎo yǔ rùn rú sū ， cǎo sè yáo kàn jìn què wú	韩愈《早春呈水部张十八员外》	四季时令
266	最是一年春好处，绝胜烟柳满皇都	zuì shì yī nián chūn hǎo chù ， jué shèng yān liǔ mǎn huáng dū	韩愈《早春呈水部张十八员外》	四季时令
267	几处早莺争暖树，谁家新燕啄春泥	jǐ chù zǎo yīng zhēng nuǎn shù ， shuí jiā xīn yàn zhuó chūn ní	白居易《钱塘湖春行》	四季时令
268	乱花渐欲迷人眼，浅草才能没马蹄	luàn huā jiàn yù mí rén yǎn ， qiǎn cǎo cái néng mò mǎ tí	白居易《钱塘湖春行》	四季时令
269	最爱湖东行不足，绿杨阴里白沙堤	zuì ài hú dōng xíng bù zú ， lǜ yáng yīn lǐ bái shā dī	白居易《钱塘湖春行》	四季时令
270	孤山寺北贾亭西，水面初平云脚低	gū shān sì běi jiǎ tíng xī ， shuǐ miàn chū píng yún jiǎo dī	白居易《钱塘湖春行》	四季时令
271	清明时节雨纷纷，路上行人欲断魂	qīng míng shí jié yǔ fēn fēn ， lù shàng xíng rén yù duàn hún	杜牧《清明》	四季时令
272	借问酒家何处有，牧童遥指杏花村	jiè wèn jiǔ jiā hé chù yǒu ， mù tóng yáo zhǐ xìng huā cūn	杜牧《清明》	四季时令
273	人间四月芳菲尽，山寺桃花始盛开	rén jiān sì yuè fāng fēi jìn ， shān sì táo huā shǐ shèng kāi	白居易《大林寺桃花》	四季时令
274	长恨春归无觅处，不知转入此中来	cháng hèn chūn guī wú mì chù ， bù zhī zhuǎn rù cǐ zhōng lái	白居易《大林寺桃花》	四季时令
275	绿树阴浓夏日长，楼台倒影入池塘	lǜ shù yīn nóng xià rì cháng ， lóu tái dào yǐng rù chí táng	高骈《山亭夏日》	四季时令
276	水晶帘动微风起，满架蔷薇一院香	shuǐ jīng lián dòng wēi fēng qǐ ， mǎn jià qiáng wēi yī yuàn xiāng	高骈《山亭夏日》	四季时令
277	漠漠水田飞白鹭，阴阴夏木啭黄鹂	mò mò shuǐ tián fēi bái lù ， yīn yīn xià mù zhuàn huáng lí	王维《积雨辋川庄作》	四季时令
278	山中习静观朝槿，松下清斋折露葵	shān zhōng xí jìng guān zhāo jǐn ， sōng xià qīng zhāi zhé lù kuí	王维《积雨辋川庄作》	四季时令
279	停车坐爱枫林晚，霜叶红于二月花	tíng chē zuò ài fēng lín wǎn ， shuāng yè hóng yú èr yuè huā	杜牧《山行》	四季时令
280	远上寒山石径斜，白云生处有人家	yuǎn shàng hán shān shí jìng xié ， bái yún shēng chù yǒu rén jiā	杜牧《山行》	四季时令
281	银烛秋光冷画屏，轻罗小扇扑流萤	yín zhú qiū guāng lěng huà píng ， qīng luó xiǎo shàn pū liú yíng	杜牧《秋夕》	四季时令
282	天阶夜色凉如水，卧看牵牛织女星	tiān jiē yè sè liáng rú shuǐ ， wò kàn qiān niú zhī nǚ xīng	杜牧《秋夕》	四季时令
283	月落乌啼霜满天，江枫渔火对愁眠	yuè luò wū tí shuāng mǎn tiān ， jiāng fēng yú huǒ duì chóu mián	张继《枫桥夜泊》	四季时令
284	姑苏城外寒山寺，夜半钟声到客船	gū sū chéng wài hán shān sì ， yè bàn zhōng shēng dào kè chuán	张继《枫桥夜泊》	四季时令
285	树树皆秋色，山山唯落晖	shù shù jiē qiū sè ， shān shān wéi luò huī	王绩《野望》	四季时令
286	东皋薄暮望，徙倚欲何依	dōng gāo bó mù wàng ， xǐ yǐ yù hé yī	王绩《野望》	四季时令
287	千山鸟飞绝，万径人踪灭	qiān shān niǎo fēi jué ， wàn jìng rén zōng miè	柳宗元《江雪》	四季时令
288	孤舟蓑笠翁，独钓寒江雪	gū zhōu suō lì wēng ， dú diào hán jiāng xuě	柳宗元《江雪》	四季时令
289	柴门闻犬吠，风雪夜归人	chái mén wén quǎn fèi ， fēng xuě yè guī rén	刘长卿《逢雪宿芙蓉山主人》	四季时令
290	日暮苍山远，天寒白屋贫	rì mù cāng shān yuǎn ， tiān hán bái wū pín	刘长卿《逢雪宿芙蓉山主人》	四季时令
291	燕山雪花大如席，片片吹落轩辕台	yān shān xuě huā dà rú xí ， piàn piàn chuī luò xuān yuán tái	李白《北风行》	四季时令
292	黄河捧土尚可塞，北风雨雪恨难裁	huáng hé pěng tǔ shàng kě sāi ， běi fēng yǔ xuě hèn nán cái	李白《北风行》	四季时令
293	新年都未有芳华，二月初惊见草芽	xīn nián dōu wèi yǒu fāng huá ， èr yuè chū jīng jiàn cǎo yá	韩愈《春雪》	四季时令
294	白雪却嫌春色晚，故穿庭树作飞花	bái xuě què xián chūn sè wǎn ， gù chuān tíng shù zuò fēi huā	韩愈《春雪》	四季时令
295	杨花榆荚无才思，惟解漫天作雪飞	yáng huā yú jiá wú cái sī ， wéi jiě màn tiān zuò xuě fēi	韩愈《晚春》	四季时令
296	草树知春不久归，百般红紫斗芳菲	cǎo shù zhī chūn bù jiǔ guī ， bǎi bān hóng zǐ dòu fāng fēi	韩愈《晚春》	四季时令
297	待到秋来九月八，我花开后百花杀	dài dào qiū lái jiǔ yuè bā ， wǒ huā kāi hòu bǎi huā shā	黄巢《不第后赋菊》	四季时令
298	冲天香阵透长安，满城尽带黄金甲	chōng tiān xiāng zhèn tòu cháng ān ， mǎn chéng jìn dài huáng jīn jiǎ	黄巢《不第后赋菊》	四季时令
299	春城无处不飞花，寒食东风御柳斜	chūn chéng wú chù bù fēi huā ， hán shí dōng fēng yù liǔ xié	韩翃《寒食》	四季时令
300	日暮汉宫传蜡烛，轻烟散入五侯家	rì mù hàn gōng chuán là zhú ， qīng yān sàn rù wǔ hóu jiā	韩翃《寒食》	四季时令